{
  "capital": 10012.640265305256,
  "position": 0.0,
  "entry_price": 0.0,
  "trail_stop": 0.0,
  "in_position": false,
  "trade_count": 1,
  "last_checked": "2026-06-17T04:55:16.005638+00:00"
}