{
  "capital": 10012.640265305256,
  "position": 0.0,
  "entry_price": 0.0,
  "trail_stop": 0.0,
  "in_position": false,
  "trade_count": 1,
  "last_checked": "2026-06-27T01:01:01.471533+00:00"
}